"relative_path","bytes","sha256"
"artifacts\01_training_and_intermediate_full_snapshot\analysis_exports\00_stock_history_summary.csv","277","FA63B6EF0CA95AD3FCD0DABFE79289B3E0FE33F598BA4D486DEE162B65474C4D"
"artifacts\01_training_and_intermediate_full_snapshot\analysis_exports\01_metrics_comparison.csv","810","C35454A33759CB596AF9A8E9680942714C2BCE7888D0FB19898A74D144CE8DED"
"artifacts\01_training_and_intermediate_full_snapshot\analysis_exports\02_feature_coverage.csv","3250","FA2EBEB2DA3DED7E89DF26B5687A2897CDB7B393582D28E335470F5E6AEAB919"
"artifacts\01_training_and_intermediate_full_snapshot\analysis_exports\03_feature_bins.csv","8972","9819D68032777F364CAD355D937E5954DA2FB088C5AF85CC220E74E5AA8D4FAB"
"artifacts\01_training_and_intermediate_full_snapshot\analysis_exports\04_drift_train_valid.csv","1315","FDF33CF7FCDE41C7A8C5A5FFF18E91AC0638990356B0334BA48186800FB900F3"
"artifacts\01_training_and_intermediate_full_snapshot\analysis_exports\05_drift_valid_test.csv","1287","9F1C226284378F6EC42AAF479D49F47F7567E3C6F96EED5257ECF1FE4FFE6A70"
"artifacts\01_training_and_intermediate_full_snapshot\analysis_exports\06_high_correlation_pairs.csv","245","730E4CAAEBB2428692BCD4D97599CA100E8DBD12FE4A0264D806489AAB262339"
"artifacts\01_training_and_intermediate_full_snapshot\analysis_exports\07_top_positive_bins.csv","1757","3CF0106BCEC4E395D8DBBCD01D77FCB4344D0CF74D59BDC806E3FDF964FC5374"
"artifacts\01_training_and_intermediate_full_snapshot\analysis_exports\08_top_negative_bins.csv","1745","912153489802FA40F3BBFAE51CED6FBC839FE03609FE008A92F4A228E9218101"
"artifacts\01_training_and_intermediate_full_snapshot\analysis_exports\09_walk_forward_folds.csv","370","4B9C066BB1A8D9426692A14856DA4A73338A4E945304B26E45C83330BAAE3336"
"artifacts\01_training_and_intermediate_full_snapshot\analysis_exports\10_stock_history_NK225_IDX.csv","147839","329B67CA254A1659610041CDC8AA402C0DD800B1020AC3A29FA03ED206BBA276"
"artifacts\01_training_and_intermediate_full_snapshot\analysis_exports\11_stock_history_NK225_VOL_YFINANCE.csv","387779","6F96A693B68CD0F1D8A8BF461A546353D846967B00B3304A1118B8D1AEF5AFE7"
"artifacts\01_training_and_intermediate_full_snapshot\analysis_exports\12_stock_history_NK225_VOL_PROXY.csv","59017","2DA514495DDF985F1C3798E857485EEF921C6AC4AFA0A40BF37C441F7789867D"
"artifacts\01_training_and_intermediate_full_snapshot\analysis_exports\13_weekly_volume_features_with_next_week_label.csv","78881","0EB080BD1677504222F36AF59DECF64337CD1EA777271B9BEC6071CDAC1CDDE5"
"artifacts\01_training_and_intermediate_full_snapshot\analysis_exports\14_weekly_volume_features_training_window.csv","78655","B7F0F6AC35F245C4B72D4A649FAF2566A12AB6679307FA9B5AD51C1D9187811C"
"artifacts\01_training_and_intermediate_full_snapshot\analysis_exports\15_weekly_volume_features_training_window_with_split.csv","80385","27765DE72FD5460BF6ECC78DEAA93E8A1AEADC9199A8B8D29E5B91E369B9768D"
"artifacts\01_training_and_intermediate_full_snapshot\analysis_exports\adjustment_point_analysis\01_daily_adjustment_point_samples.csv","118789","FE22101C8BE8476F1DF2B47CDC609EB45E138947D797D0CE7F4AD2509315B50F"
"artifacts\01_training_and_intermediate_full_snapshot\analysis_exports\adjustment_point_analysis\02_adjustment_point_summary.csv","3815","62F43F5075676FD430F6C398AF88A76A1101AEDD55EB5039C834A63714A74931"
"artifacts\01_training_and_intermediate_full_snapshot\analysis_exports\adjustment_point_analysis\03_breakout_standing_wait_summary.csv","1059","520F596320D62ECEED23707ECE530FE044B37DAA5B7BEF90D41B834FB8D680A0"
"artifacts\01_training_and_intermediate_full_snapshot\analysis_exports\adjustment_point_analysis\04_adjustment_event_candidates.csv","118789","1DB5492EB5AF311B04EF6D7D38EB75D85A7E147635F105A158DF8FFBE6E3DCD6"
"artifacts\01_training_and_intermediate_full_snapshot\analysis_exports\adjustment_point_analysis\05_breakout_fallback_samples.csv","46533","D109593937A955C3D21E1CF609481495E64450B48326046CC5423FFC77C87BD1"
"artifacts\01_training_and_intermediate_full_snapshot\analysis_exports\adjustment_point_analysis\06_breakout_fallback_summary.csv","4000","3273116F33D1E2224984033EF521245E612632D9F7A5A902E518A7DAF94DBE47"
"artifacts\01_training_and_intermediate_full_snapshot\analysis_exports\adjustment_point_analysis\07_breakout_3d_5d_10d_decision_table.csv","3484","F7D1B0EE94A1EE8BD988DC66B4E80D2BD9DC4774543DC4F6ED346601FED7D1A0"
"artifacts\01_training_and_intermediate_full_snapshot\analysis_exports\adjustment_point_analysis\08_breakout_fallback_volume_overlay.csv","9397","4BDA9EC7DD8CFDB847931773DBBFA34F0B71BE39949286F11D509E6146F4EC89"
"artifacts\01_training_and_intermediate_full_snapshot\analysis_exports\adjustment_point_analysis\09_breakout_position_adjustment_rule_samples.csv","55751","2DADECB7F7889483C7BFFB357030183CE24C4AFA76DED5117672B98BD5805729"
"artifacts\01_training_and_intermediate_full_snapshot\analysis_exports\adjustment_point_analysis\10_breakout_position_adjustment_rule_summary.csv","3052","3B654D0C9320961A25E8B38376E64FB12E4FCD5A6FFAA6C503807AB842780641"
"artifacts\01_training_and_intermediate_full_snapshot\analysis_exports\adjustment_point_analysis\11_breakout_position_adjustment_yearly_stability.csv","2905","29DA22C15B65DA9D5DC93952AFAF531ADFA6ADA4C09B0DFC3E413C67B315AD2F"
"artifacts\01_training_and_intermediate_full_snapshot\analysis_exports\adjustment_point_analysis\12_entry_timing_training_samples_scheme_b.csv","76233","745D5223D7B175D5506AA615E9191A2D62D67E949A030BE4C0E6C53863BEA927"
"artifacts\01_training_and_intermediate_full_snapshot\analysis_exports\adjustment_point_analysis\13_entry_timing_training_summary_scheme_b.csv","6532","63B82DA9A0014649F58F2C535ADBA9C47E3FB5A71A304B24442AC41635F1CA04"
"artifacts\01_training_and_intermediate_full_snapshot\analysis_exports\adjustment_point_analysis\14_entry_timing_yearly_stability_scheme_b.csv","3989","AF88A80D1930C6D279EE10AE17BE8CA068E608D627D94AD322FA94578E14D76F"
"artifacts\01_training_and_intermediate_full_snapshot\analysis_exports\adjustment_point_analysis\15_nikkei_top30_component_coverage.csv","2107","6B930FD67AE1CE287D62C3FC1EEA900CB7728C48E4E97BA6FA2C045B3289D6F4"
"artifacts\01_training_and_intermediate_full_snapshot\analysis_exports\adjustment_point_analysis\15_nikkei_top30_official_weights.csv","2815","91D8433AA653D969FC92A37BC2950396A142FA59FE2FE663ED282F4336542E21"
"artifacts\01_training_and_intermediate_full_snapshot\analysis_exports\adjustment_point_analysis\16_nikkei_component_breadth_data_requirements.csv","8546","DF8CBC29167A60B074ACEF12EF13D1EDAB1257D1D27472185A963CD8AFEA2D55"
"artifacts\01_training_and_intermediate_full_snapshot\analysis_exports\adjustment_point_analysis\16_nikkei_component_breakout_breadth_samples.csv","0","E3B0C44298FC1C149AFBF4C8996FB92427AE41E4649B934CA495991B7852B855"
"artifacts\01_training_and_intermediate_full_snapshot\analysis_exports\adjustment_point_analysis\17_nikkei_top30_component_coverage_final.csv","2448","D67CAA350CD6B52B711206C1572A72EBE954933A3E65084BC15B8A6C315A08B6"
"artifacts\01_training_and_intermediate_full_snapshot\analysis_exports\adjustment_point_analysis\18_nikkei_component_breakout_breadth_samples.csv","35514","CCFC3934035F8B3E02FFD39143F7F19FEE92CF5DDE085A1A51F495E341FB1844"
"artifacts\01_training_and_intermediate_full_snapshot\analysis_exports\adjustment_point_analysis\19_nikkei_component_breakout_detail.csv","813077","B3752C8924D957552A43F102E46E9655FDE939F00B273523CAD4903389A54147"
"artifacts\01_training_and_intermediate_full_snapshot\analysis_exports\adjustment_point_analysis\20_nikkei_component_breadth_summary.csv","2810","E9C3F1B0499913F97B907604AC8F20CF129F71291696D698F4FF206332DDC2E6"
"artifacts\01_training_and_intermediate_full_snapshot\analysis_exports\adjustment_point_analysis\21_position_timing_strategy_backtest_samples.csv","91358","CD872733F679C888A5FD68A98CF2DBFFDFC9F95DD1A3FE3E0F46F50116895E65"
"artifacts\01_training_and_intermediate_full_snapshot\analysis_exports\adjustment_point_analysis\22_position_timing_strategy_backtest_summary.csv","2662","C519042F5A652AF3C0FE6F7AF8FD865030EC0C89B764E880F5B98E7F3B28BD6D"
"artifacts\01_training_and_intermediate_full_snapshot\analysis_exports\adjustment_point_analysis\23_component_volume_threshold_for_nikkei_no_fallback.csv","5829","4C5E4BF75D6F4636C56A053AAB57374FA384A50752331D8A3D573C16B8A97EC8"
"artifacts\01_training_and_intermediate_full_snapshot\analysis_exports\adjustment_point_analysis\24_downside_reduction_logic_samples.csv","81554","1AD2B17CC53B65C28118F092E6FCC3A0A52C3A9E9FD2CB9F707C1D5E1690FF0C"
"artifacts\01_training_and_intermediate_full_snapshot\analysis_exports\adjustment_point_analysis\25_downside_component_detail.csv","1203071","09C75D8F5E7632DE0D143A9F728C58F72BCA1DD2AF5FD8EC49254F63C8ED1BF7"
"artifacts\01_training_and_intermediate_full_snapshot\analysis_exports\adjustment_point_analysis\26_downside_reduction_logic_summary.csv","2203","CC3234381CF08F8DC7EBA5B26D22241C338EF5DF9CA99D5836572091DBD49FFE"
"artifacts\01_training_and_intermediate_full_snapshot\analysis_exports\adjustment_point_analysis\27_downside_component_thresholds.csv","4829","A5568A5F255F28BC67F7BD1E220490114DE235D9F2F2B41C4FC3B4C94D2B2DB8"
"artifacts\01_training_and_intermediate_full_snapshot\analysis_exports\adjustment_point_analysis\28_rule_based_position_backtest_equity_curve.csv","122129","04B964B4AC727F6DDD0D575DEEEFA59DD71E43CE153CA70F3C5367529F713D4C"
"artifacts\01_training_and_intermediate_full_snapshot\analysis_exports\adjustment_point_analysis\29_rule_based_position_backtest_trade_log.csv","22480","441BE87013F96C57FEF8E5F6977CDA27C89F00AE5CA3795347A48095CCB84E0F"
"artifacts\01_training_and_intermediate_full_snapshot\analysis_exports\adjustment_point_analysis\30_rule_based_position_backtest_summary.csv","399","B9874178DCC88814D33C5A865AC63B2D26B1D243663119BDF52A5439077A68CE"
"artifacts\01_training_and_intermediate_full_snapshot\analysis_exports\adjustment_point_analysis\31_rule_based_position_backtest_v2_equity_curve.csv","122134","280D005B701F3FD27DC48F84A9F8032F9B25E9DA681BA04238D89D3853950907"
"artifacts\01_training_and_intermediate_full_snapshot\analysis_exports\adjustment_point_analysis\32_rule_based_position_backtest_v2_trade_log.csv","21540","96D7C535218A6CB4E3B4CD01F715A02DDB9534DD4F1FAE051DE6084B5A9AE2F3"
"artifacts\01_training_and_intermediate_full_snapshot\analysis_exports\adjustment_point_analysis\33_rule_based_position_backtest_v2_summary.csv","523","AE1E637A1CA4CF9F2276F93675E2BEE5F7A8061FA00FDF3057D811E2748ED441"
"artifacts\01_training_and_intermediate_full_snapshot\analysis_exports\adjustment_point_analysis\34_market_regime_daily.csv","199996","EE148BAB184175C6BD96D2746F634BE857C8F0C28F8D5BA122C6A0A79B667900"
"artifacts\01_training_and_intermediate_full_snapshot\analysis_exports\adjustment_point_analysis\35_market_regime_raw_transitions.csv","4768","EC49474129088EC7473E2B2324A829D753F73AF808136EDC920F4446A5EFDB77"
"artifacts\01_training_and_intermediate_full_snapshot\analysis_exports\adjustment_point_analysis\36_market_regime_confirmed_transitions.csv","2002","188E84AF4E6A4B1DDA0F21452453E100CDEB97AE509018B16E3C42CB7CBE4B04"
"artifacts\01_training_and_intermediate_full_snapshot\analysis_exports\adjustment_point_analysis\37_market_regime_confirmed_segments.csv","1976","1D05C1BF3FD8C421FF03A19F8CAF093C5798849F892E2F48FB8A453C56BFD137"
"artifacts\01_training_and_intermediate_full_snapshot\analysis_exports\adjustment_point_analysis\38_market_regime_position_backtest_equity_curve.csv","135729","E4014658E2EE3EE8BE23B63EB006440AD7B4E1950A523C4209208EA736779E28"
"artifacts\01_training_and_intermediate_full_snapshot\analysis_exports\adjustment_point_analysis\39_market_regime_position_backtest_trade_log.csv","21294","C78367CBF832EAF79C1B5D4559E960828C9F13F7496F056AC8848E20E05A22A6"
"artifacts\01_training_and_intermediate_full_snapshot\analysis_exports\adjustment_point_analysis\40_market_regime_position_backtest_summary.csv","523","E87BA41798BCE04ADC3CC609845C7025642C521BF484D7C47A8CAEB0D9E786FC"
"artifacts\01_training_and_intermediate_full_snapshot\analysis_exports\adjustment_point_analysis\41_market_regime_bull_relaxed_v4_equity_curve.csv","135724","64A9DB39D2433BD41BBB8B5CDFCB208EE61FBE2716C1A6A172F3A7FE4540B1AA"
"artifacts\01_training_and_intermediate_full_snapshot\analysis_exports\adjustment_point_analysis\42_market_regime_bull_relaxed_v4_trade_log.csv","17924","C88E4AEC8C390E701D056160F5785BC66B8C938E87279D90DC499E65BB48A90F"
"artifacts\01_training_and_intermediate_full_snapshot\analysis_exports\adjustment_point_analysis\43_market_regime_bull_relaxed_v4_summary.csv","536","A5F6C7F27D3587B16091E7E374209AC5760378CDA362A0129BDB7AE46A633F68"
"artifacts\01_training_and_intermediate_full_snapshot\analysis_exports\adjustment_point_analysis\44_nikkei_etf_anchor_v5_equity_curve.csv","135160","89ED08B9087771D10DC6CFFE7FDB4F10EF7AFBEC64945C4990EAA791A25510CD"
"artifacts\01_training_and_intermediate_full_snapshot\analysis_exports\adjustment_point_analysis\45_nikkei_etf_anchor_v5_trade_log.csv","14160","9B71884F034FAE3CDB678DEECBE98D7B60287B66F6372ACAE0D3EBBB701B2C77"
"artifacts\01_training_and_intermediate_full_snapshot\analysis_exports\adjustment_point_analysis\46_nikkei_etf_anchor_v5_summary.csv","527","345B39CAC699858DD8D584E2FC4AE2C18E7E085D4C1B1622C9BD180F09C6FE9E"
"artifacts\01_training_and_intermediate_full_snapshot\analysis_exports\adjustment_point_analysis\47_nikkei_major_drawdown_episodes.csv","2438","A98647D5FE385F0070BBF599764A1C64A7A3C136C9C46D25EB9CF47A63001627"
"artifacts\01_training_and_intermediate_full_snapshot\analysis_exports\adjustment_point_analysis\48_nikkei_largest_daily_drops.csv","4121","66E188BCB4692CA0B42ECAB39097D2D89A501F16957790426F25C143BD2DA24F"
"artifacts\01_training_and_intermediate_full_snapshot\analysis_exports\adjustment_point_analysis\49_nikkei_etf_anchor_shock_reduce_v6_equity_curve.csv","135030","90D929C4E291B3186104D566A2C6F2F274CB5050EC2636DA494E33FD2CFE1C05"
"artifacts\01_training_and_intermediate_full_snapshot\analysis_exports\adjustment_point_analysis\50_nikkei_etf_anchor_shock_reduce_v6_trade_log.csv","16061","D258BC31F52C2F5FB10EE8C16AAEEC24A62557BA0351C2E25E268D97E5531551"
"artifacts\01_training_and_intermediate_full_snapshot\analysis_exports\adjustment_point_analysis\51_nikkei_etf_anchor_shock_reduce_v6_summary.csv","538","4B01BA7D3A890F7AE582236FAD80FBE546D7152128B37115968E295E12562F88"
"artifacts\01_training_and_intermediate_full_snapshot\analysis_exports\adjustment_point_analysis\52_strategy_versions_annual_comparison.csv","1993","326B72468D6769AAF888B987CBE134CEE18EB22AE09953FB1C1FB505C82F7C7D"
"artifacts\01_training_and_intermediate_full_snapshot\analysis_exports\adjustment_point_analysis\53_strategy_gap_vs_buyhold_by_year.csv","3498","831D2BFBC3D00964611EAB2C08BC37C58355CD19AFC3377A5FF9B7D2D60EF9B4"
"artifacts\01_training_and_intermediate_full_snapshot\analysis_exports\adjustment_point_analysis\54_strategy_risk_adjusted_metrics.csv","1331","CA1430AB6211666527350F3BE3ECB0BA8C1F55F763C07B065B6837EC05146AF9"
"artifacts\01_training_and_intermediate_full_snapshot\analysis_exports\adjustment_point_analysis\55_v3_adjustment_model_dataset.csv","660271","7A57A2B45BF67EA71FFB6B1590D78AEB2A3E19FD0505217BC5AFB734F84B9B48"
"artifacts\01_training_and_intermediate_full_snapshot\analysis_exports\adjustment_point_analysis\56_v3_adjustment_model_metrics.csv","2727","A7FF55CAFEC072CE05D279F0AB8925D266089A29D8A0F7FE77F508CD626A4627"
"artifacts\01_training_and_intermediate_full_snapshot\analysis_exports\adjustment_point_analysis\57_hgb_l2_leaf20_adjustment_backtest_curve.csv","124519","2E62933EE2C1E2A934296842C2B9F2B5C03400254DF76C741FDA6A75AEA496FC"
"artifacts\01_training_and_intermediate_full_snapshot\analysis_exports\adjustment_point_analysis\57_logistic_balanced_adjustment_backtest_curve.csv","124535","6FC88CC12E77003A8431637255F803E4C4FF14EA22C8E78DD4BA9F4FB01B5056"
"artifacts\01_training_and_intermediate_full_snapshot\analysis_exports\adjustment_point_analysis\57_no_model_v3_base_adjustment_backtest_curve.csv","124545","12E0B6FAE1910FD7DCB18BF6E24D08F7B096B616385182AE95D45D6B9582725E"
"artifacts\01_training_and_intermediate_full_snapshot\analysis_exports\adjustment_point_analysis\57_oracle_adjustment_adjustment_backtest_curve.csv","124509","ED76A7464EACABD7A2C084D950E079F7D23244711A2BBDF373E27CC310044792"
"artifacts\01_training_and_intermediate_full_snapshot\analysis_exports\adjustment_point_analysis\57_rf_depth3_leaf25_adjustment_backtest_curve.csv","124494","DEF6FCFA5728C88C8BCF809C852F93F6DE5DDFF9E4A9FE26A5F4DE02C933CA28"
"artifacts\01_training_and_intermediate_full_snapshot\analysis_exports\adjustment_point_analysis\57_rf_depth4_leaf20_adjustment_backtest_curve.csv","124425","3049D449E5CE2287E056C6BB1B03C7EF6193A2A8A7C7A4FC37143602B4AE3609"
"artifacts\01_training_and_intermediate_full_snapshot\analysis_exports\adjustment_point_analysis\58_v3_adjustment_model_backtest_summary.csv","1360","F3DC1444C1DB2DA3EA84AF2EEFDBB015454010DB5FEE88479A2FB939C0197040"
"artifacts\01_training_and_intermediate_full_snapshot\analysis_exports\adjustment_point_analysis\59_v3_adjustment_model_strict_test_metrics.csv","1353","F74E8AAFC83C8F0BC28B4C7E98B3791A878950FE5AABD0313E851FB761E86629"
"artifacts\01_training_and_intermediate_full_snapshot\analysis_exports\adjustment_point_analysis\60_v3_adjustment_model_strict_test_backtest.csv","1381","A4F29E686A61365B4AAE31BD2E11FCE73AE6AE3A7C0BD726D6E20AEE73EB3B4D"
"artifacts\01_training_and_intermediate_full_snapshot\analysis_exports\adjustment_point_analysis\61_V3_base_2022_2026_curve.csv","58749","55F01AF654DD407D653F3A24B4E6587957F655739AE27C0AD5AAA7E411A09F55"
"artifacts\01_training_and_intermediate_full_snapshot\analysis_exports\adjustment_point_analysis\61_V3_until_2022_then_WF_HGB_curve.csv","124546","A58212FA0579D56A1D6FEEA0B0FE60A01D5ED8ACA5C6D3266196D0020757B3D8"
"artifacts\01_training_and_intermediate_full_snapshot\analysis_exports\adjustment_point_analysis\61_WF_HGB_adjusted_V3_2022_2026_curve.csv","58936","D02A7A64A785BD5E189BAF4700319A8525910DAB4A8FEF1FFA58315D2B3C526A"
"artifacts\01_training_and_intermediate_full_snapshot\analysis_exports\adjustment_point_analysis\62_V3_base_2022_2026_log.csv","2576","084458F1F3BEA7A7D8FA1F6D6FB83CA6B49828B7A8E0EDF3C3153D79CF09C4FF"
"artifacts\01_training_and_intermediate_full_snapshot\analysis_exports\adjustment_point_analysis\62_WF_HGB_adjusted_V3_2022_2026_log.csv","21489","223F8A7AC818476733E287731159DF95B03A20F9BA2DA71FD2517F01CE150BEF"
"artifacts\01_training_and_intermediate_full_snapshot\analysis_exports\adjustment_point_analysis\63_walk_forward_hgb_yearly_model_metrics.csv","833","306BC006C148C2374095E45E32606ED401167F9AD46F5E5E358A4131B113D270"
"artifacts\01_training_and_intermediate_full_snapshot\analysis_exports\adjustment_point_analysis\64_walk_forward_hgb_backtest_summary.csv","1080","1AD48D239A3599C278417EA5752F5E5F9DA663D58A4263257A4AD2D762D550E2"
"artifacts\01_training_and_intermediate_full_snapshot\analysis_exports\adjustment_point_analysis\component_backfill_status_20260426.json","1296","98D0714B2E3EEE0ECFCF535F8EA10335AEA3B8D779EB23F5126D08F87CBACA80"
"artifacts\01_training_and_intermediate_full_snapshot\analysis_exports\adjustment_point_analysis\component_yfinance_raw_top30\4062_T.csv","43","72299ACB6E57562968F895136EBD0C85576676B0E47388D28ADE4E261CCD5E1B"
"artifacts\01_training_and_intermediate_full_snapshot\analysis_exports\adjustment_point_analysis\component_yfinance_raw_top30\4063_T.csv","43","72299ACB6E57562968F895136EBD0C85576676B0E47388D28ADE4E261CCD5E1B"
"artifacts\01_training_and_intermediate_full_snapshot\analysis_exports\adjustment_point_analysis\component_yfinance_raw_top30\4503_T.csv","43","72299ACB6E57562968F895136EBD0C85576676B0E47388D28ADE4E261CCD5E1B"
"artifacts\01_training_and_intermediate_full_snapshot\analysis_exports\adjustment_point_analysis\component_yfinance_raw_top30\4519_T.csv","43","72299ACB6E57562968F895136EBD0C85576676B0E47388D28ADE4E261CCD5E1B"
"artifacts\01_training_and_intermediate_full_snapshot\analysis_exports\adjustment_point_analysis\component_yfinance_raw_top30\4543_T.csv","43","72299ACB6E57562968F895136EBD0C85576676B0E47388D28ADE4E261CCD5E1B"
"artifacts\01_training_and_intermediate_full_snapshot\analysis_exports\adjustment_point_analysis\component_yfinance_raw_top30\4578_T.csv","43","72299ACB6E57562968F895136EBD0C85576676B0E47388D28ADE4E261CCD5E1B"
"artifacts\01_training_and_intermediate_full_snapshot\analysis_exports\adjustment_point_analysis\component_yfinance_raw_top30\5803_T.csv","43","72299ACB6E57562968F895136EBD0C85576676B0E47388D28ADE4E261CCD5E1B"
"artifacts\01_training_and_intermediate_full_snapshot\analysis_exports\adjustment_point_analysis\component_yfinance_raw_top30\6098_T.csv","43","72299ACB6E57562968F895136EBD0C85576676B0E47388D28ADE4E261CCD5E1B"
"artifacts\01_training_and_intermediate_full_snapshot\analysis_exports\adjustment_point_analysis\component_yfinance_raw_top30\6146_T.csv","43","72299ACB6E57562968F895136EBD0C85576676B0E47388D28ADE4E261CCD5E1B"
"artifacts\01_training_and_intermediate_full_snapshot\analysis_exports\adjustment_point_analysis\component_yfinance_raw_top30\6367_T.csv","43","72299ACB6E57562968F895136EBD0C85576676B0E47388D28ADE4E261CCD5E1B"
"artifacts\01_training_and_intermediate_full_snapshot\analysis_exports\adjustment_point_analysis\component_yfinance_raw_top30\6758_T.csv","43","72299ACB6E57562968F895136EBD0C85576676B0E47388D28ADE4E261CCD5E1B"
"artifacts\01_training_and_intermediate_full_snapshot\analysis_exports\adjustment_point_analysis\component_yfinance_raw_top30\6762_T.csv","43","72299ACB6E57562968F895136EBD0C85576676B0E47388D28ADE4E261CCD5E1B"
"artifacts\01_training_and_intermediate_full_snapshot\analysis_exports\adjustment_point_analysis\component_yfinance_raw_top30\6857_T.csv","43","72299ACB6E57562968F895136EBD0C85576676B0E47388D28ADE4E261CCD5E1B"
"artifacts\01_training_and_intermediate_full_snapshot\analysis_exports\adjustment_point_analysis\component_yfinance_raw_top30\6920_T.csv","43","72299ACB6E57562968F895136EBD0C85576676B0E47388D28ADE4E261CCD5E1B"
"artifacts\01_training_and_intermediate_full_snapshot\analysis_exports\adjustment_point_analysis\component_yfinance_raw_top30\6954_T.csv","43","72299ACB6E57562968F895136EBD0C85576676B0E47388D28ADE4E261CCD5E1B"
"artifacts\01_training_and_intermediate_full_snapshot\analysis_exports\adjustment_point_analysis\component_yfinance_raw_top30\6971_T.csv","43","72299ACB6E57562968F895136EBD0C85576676B0E47388D28ADE4E261CCD5E1B"
"artifacts\01_training_and_intermediate_full_snapshot\analysis_exports\adjustment_point_analysis\component_yfinance_raw_top30\6988_T.csv","43","72299ACB6E57562968F895136EBD0C85576676B0E47388D28ADE4E261CCD5E1B"
"artifacts\01_training_and_intermediate_full_snapshot\analysis_exports\adjustment_point_analysis\component_yfinance_raw_top30\7203_T.csv","43","72299ACB6E57562968F895136EBD0C85576676B0E47388D28ADE4E261CCD5E1B"
"artifacts\01_training_and_intermediate_full_snapshot\analysis_exports\adjustment_point_analysis\component_yfinance_raw_top30\7741_T.csv","43","72299ACB6E57562968F895136EBD0C85576676B0E47388D28ADE4E261CCD5E1B"
"artifacts\01_training_and_intermediate_full_snapshot\analysis_exports\adjustment_point_analysis\component_yfinance_raw_top30\7832_T.csv","43","72299ACB6E57562968F895136EBD0C85576676B0E47388D28ADE4E261CCD5E1B"
"artifacts\01_training_and_intermediate_full_snapshot\analysis_exports\adjustment_point_analysis\component_yfinance_raw_top30\8015_T.csv","43","72299ACB6E57562968F895136EBD0C85576676B0E47388D28ADE4E261CCD5E1B"
"artifacts\01_training_and_intermediate_full_snapshot\analysis_exports\adjustment_point_analysis\component_yfinance_raw_top30\8031_T.csv","43","72299ACB6E57562968F895136EBD0C85576676B0E47388D28ADE4E261CCD5E1B"
"artifacts\01_training_and_intermediate_full_snapshot\analysis_exports\adjustment_point_analysis\component_yfinance_raw_top30\8035_T.csv","43","72299ACB6E57562968F895136EBD0C85576676B0E47388D28ADE4E261CCD5E1B"
"artifacts\01_training_and_intermediate_full_snapshot\analysis_exports\adjustment_point_analysis\component_yfinance_raw_top30\8058_T.csv","43","72299ACB6E57562968F895136EBD0C85576676B0E47388D28ADE4E261CCD5E1B"
"artifacts\01_training_and_intermediate_full_snapshot\analysis_exports\adjustment_point_analysis\component_yfinance_raw_top30\8766_T.csv","43","72299ACB6E57562968F895136EBD0C85576676B0E47388D28ADE4E261CCD5E1B"
"artifacts\01_training_and_intermediate_full_snapshot\analysis_exports\adjustment_point_analysis\component_yfinance_raw_top30\9433_T.csv","43","72299ACB6E57562968F895136EBD0C85576676B0E47388D28ADE4E261CCD5E1B"
"artifacts\01_training_and_intermediate_full_snapshot\analysis_exports\adjustment_point_analysis\component_yfinance_raw_top30\9735_T.csv","43","72299ACB6E57562968F895136EBD0C85576676B0E47388D28ADE4E261CCD5E1B"
"artifacts\01_training_and_intermediate_full_snapshot\analysis_exports\adjustment_point_analysis\component_yfinance_raw_top30\9766_T.csv","43","72299ACB6E57562968F895136EBD0C85576676B0E47388D28ADE4E261CCD5E1B"
"artifacts\01_training_and_intermediate_full_snapshot\analysis_exports\adjustment_point_analysis\component_yfinance_raw_top30\9983_T.csv","43","72299ACB6E57562968F895136EBD0C85576676B0E47388D28ADE4E261CCD5E1B"
"artifacts\01_training_and_intermediate_full_snapshot\analysis_exports\adjustment_point_analysis\component_yfinance_raw_top30\9984_T.csv","43","72299ACB6E57562968F895136EBD0C85576676B0E47388D28ADE4E261CCD5E1B"
"artifacts\01_training_and_intermediate_full_snapshot\analysis_exports\adjustment_point_analysis\component_yfinance_raw_top30_retry\4062_T.csv","194235","D6D069631185FD9BBFED0FF1E7E305765174C527D599DD7720E0957971D8A089"
"artifacts\01_training_and_intermediate_full_snapshot\analysis_exports\adjustment_point_analysis\component_yfinance_raw_top30_retry\4063_T.csv","214039","1A4AE3D42B4A85DC792E1C28DFEFC15210ECB299D2C8F482FA0209461B74534E"
"artifacts\01_training_and_intermediate_full_snapshot\analysis_exports\adjustment_point_analysis\component_yfinance_raw_top30_retry\4503_T.csv","199334","0A5B034E3F8A45F62B35018C5DFE3C48B7FA1920DDB6ACFF7C8FEB5B98E7026B"
"artifacts\01_training_and_intermediate_full_snapshot\analysis_exports\adjustment_point_analysis\component_yfinance_raw_top30_retry\4519_T.csv","227791","48402D36953D87F8950BCB1AD6D889F0AF2F4996DA71FA7FD8A802A552C3A207"
"artifacts\01_training_and_intermediate_full_snapshot\analysis_exports\adjustment_point_analysis\component_yfinance_raw_top30_retry\4543_T.csv","198963","380E06F3724C1ABFFE72BFDDAFF1FBE2DBFA8FA850B68048849F7E7F387C4DB2"
"artifacts\01_training_and_intermediate_full_snapshot\analysis_exports\adjustment_point_analysis\component_yfinance_raw_top30_retry\4578_T.csv","193788","D143D609C6ACBCA6AF51559A4098719A397F3AC0909B70E2A561AC73AECA4D48"
"artifacts\01_training_and_intermediate_full_snapshot\analysis_exports\adjustment_point_analysis\component_yfinance_raw_top30_retry\5803_T.csv","269775","E14476E38FBD7DD8B2C50C87C7F2AF962B78F695D7292D2F25C937F154EB4CEA"
"artifacts\01_training_and_intermediate_full_snapshot\analysis_exports\adjustment_point_analysis\component_yfinance_raw_top30_retry\6098_T.csv","205151","CAA379849DC251DA124406FACC204D3B4ACD1279541ECBF1E5FBEA5660C62E87"
"artifacts\01_training_and_intermediate_full_snapshot\analysis_exports\adjustment_point_analysis\component_yfinance_raw_top30_retry\6146_T.csv","240104","E6B26CB3C266103B2F3D89D6AC1D17AA1AF732DCD1113D7DF51F1C1401B662F0"
"artifacts\01_training_and_intermediate_full_snapshot\analysis_exports\adjustment_point_analysis\component_yfinance_raw_top30_retry\6367_T.csv","200613","B43DAA0C0DDB206248A78F0F1B7E079348806C970533C0F767CE3B59D888A6F6"
"artifacts\01_training_and_intermediate_full_snapshot\analysis_exports\adjustment_point_analysis\component_yfinance_raw_top30_retry\6758_T.csv","238174","A2A395C41E5D5201C3763354EBF735B988B66C3F3AF4CDEA48822212EE4142FF"
"artifacts\01_training_and_intermediate_full_snapshot\analysis_exports\adjustment_point_analysis\component_yfinance_raw_top30_retry\6762_T.csv","246585","E97D57C8F4E25098D8A2EA7D738A47559B907CB3DFA15F72CC564FEEBBEEE309"
"artifacts\01_training_and_intermediate_full_snapshot\analysis_exports\adjustment_point_analysis\component_yfinance_raw_top30_retry\6857_T.csv","197044","1B5617EC50CD2C1EAF94A2D41A559BE53A63401D5921FD157A308FB9E630F285"
"artifacts\01_training_and_intermediate_full_snapshot\analysis_exports\adjustment_point_analysis\component_yfinance_raw_top30_retry\6920_T.csv","198584","F4945944EC95F95B7605AAC5D6750D25CECC75533E4950AC002F11C9B757BA17"
"artifacts\01_training_and_intermediate_full_snapshot\analysis_exports\adjustment_point_analysis\component_yfinance_raw_top30_retry\6954_T.csv","196045","50E00895725065764618102BA3A3A547ADA4FEE38F5189A1F1C72ABA9659075D"
"artifacts\01_training_and_intermediate_full_snapshot\analysis_exports\adjustment_point_analysis\component_yfinance_raw_top30_retry\6971_T.csv","202876","3929F2B748AB3F760A4569B9858B13E961695632121572AE2968FDD3D1D7D936"
"artifacts\01_training_and_intermediate_full_snapshot\analysis_exports\adjustment_point_analysis\component_yfinance_raw_top30_retry\6988_T.csv","227823","9644363ECF98C74FEA468E99EA1B14F42E22725C83E9C139F4175D516E8A76E2"
"artifacts\01_training_and_intermediate_full_snapshot\analysis_exports\adjustment_point_analysis\component_yfinance_raw_top30_retry\7203_T.csv","243258","290C682FA5DA7F8F6D7D982615A6F9BE3E0A9187A99F8B648079553909B9C9A6"
"artifacts\01_training_and_intermediate_full_snapshot\analysis_exports\adjustment_point_analysis\component_yfinance_raw_top30_retry\7741_T.csv","197765","861A5C46DC7BA32713EBA50BD461278A83F7CF1B2447D2E34647C0314F410CCB"
"artifacts\01_training_and_intermediate_full_snapshot\analysis_exports\adjustment_point_analysis\component_yfinance_raw_top30_retry\7832_T.csv","250269","B4F61259342F721242E6C6797A592FEFF09778B1F542B381EED713DA315E6298"
"artifacts\01_training_and_intermediate_full_snapshot\analysis_exports\adjustment_point_analysis\component_yfinance_raw_top30_retry\8015_T.csv","260083","502AA06583F44CD6F54B81E25E0EE16B43D8AC74836B2F0B9BA58C68FBB2AF5F"
"artifacts\01_training_and_intermediate_full_snapshot\analysis_exports\adjustment_point_analysis\component_yfinance_raw_top30_retry\8031_T.csv","196432","C89F14FFE0C165B825E759D4D44B31AB49CA1797893C019F6BF725B519E7469D"
"artifacts\01_training_and_intermediate_full_snapshot\analysis_exports\adjustment_point_analysis\component_yfinance_raw_top30_retry\8035_T.csv","242637","726E891D11A8E78383FB50C197B351EBC0970061A07DBD8D86CBECD71E1D127A"
"artifacts\01_training_and_intermediate_full_snapshot\analysis_exports\adjustment_point_analysis\component_yfinance_raw_top30_retry\8058_T.csv","256180","6DCDC6429DEC9B6616C24C01735B60E2C963D655864C8D595F69212B67D05483"
"artifacts\01_training_and_intermediate_full_snapshot\analysis_exports\adjustment_point_analysis\component_yfinance_raw_top30_retry\8766_T.csv","248691","B720571FE051DF83EA790D5836F37A016E72DBBD9ADB156490370591C8E9707E"
"artifacts\01_training_and_intermediate_full_snapshot\analysis_exports\adjustment_point_analysis\component_yfinance_raw_top30_retry\9433_T.csv","200774","0F47BC16054E3A33D39A0A1D70F36E69D3E4231F2F1001C61BA296F4E0FB7CA9"
"artifacts\01_training_and_intermediate_full_snapshot\analysis_exports\adjustment_point_analysis\component_yfinance_raw_top30_retry\9735_T.csv","194728","FE2897E8B3C5BDDB0F8CA9C8A38FE314227D4CC5CCE67C9061C36073FD626515"
"artifacts\01_training_and_intermediate_full_snapshot\analysis_exports\adjustment_point_analysis\component_yfinance_raw_top30_retry\9766_T.csv","194139","AE49CF33EC6BC53130031E4CFE41C4E37EB4AF1D2ACF83564346DC5A2869B534"
"artifacts\01_training_and_intermediate_full_snapshot\analysis_exports\adjustment_point_analysis\component_yfinance_raw_top30_retry\9983_T.csv","238386","CFBE16C230EBDC3C87B72FEF916E72D1F62857A7EDFCB025FDCEF681C7350026"
"artifacts\01_training_and_intermediate_full_snapshot\analysis_exports\adjustment_point_analysis\component_yfinance_raw_top30_retry\9984_T.csv","206752","41EE0417EE021A4863ED9BB43766B060D5D963BD6CF380E2A6A27BFA11FD29CD"
"artifacts\01_training_and_intermediate_full_snapshot\analysis_exports\adjustment_point_analysis\component_yfinance_raw_top30_retry_status.csv","6208","05C107F63D56981744D64763F5DFB2E71F5AC3F0E0185F664F3B83966F45E741"
"artifacts\01_training_and_intermediate_full_snapshot\analysis_exports\adjustment_point_analysis\nikkei_stock_average_weight_en.csv","19528","75653E8948A6BD94D27C2700E344CD503B7850CF609C83665CBEDA6620E6E8A0"
"artifacts\01_training_and_intermediate_full_snapshot\analysis_exports\categorized_behavior_exports\00_feature_dictionary_by_behavior.csv","2820","0CA548182B7119FB55FF0341814EBCAF8A923E9586E5072CFD029B515241F7AD"
"artifacts\01_training_and_intermediate_full_snapshot\analysis_exports\categorized_behavior_exports\01_feature_information_by_behavior.csv","3466","69F6B48F63F2E44C0CCAC72384622F28E2696FE5F4EA6F9B169E97948D2609F9"
"artifacts\01_training_and_intermediate_full_snapshot\analysis_exports\categorized_behavior_exports\02_category_summary.csv","548","9BB52784571B9E1512DE43B358D1216CA1ECD191ED8D2EE79652D892BB289A62"
"artifacts\01_training_and_intermediate_full_snapshot\analysis_exports\categorized_behavior_exports\03_weekly_price_behavior.csv","39020","012A2841EE0237C9F4BD79CA2E3A1ED494597F6143F1CCFDA2ABEADE40F76EDA"
"artifacts\01_training_and_intermediate_full_snapshot\analysis_exports\categorized_behavior_exports\04_weekly_volume_behavior.csv","76567","B6A49074724A172C7B92FF9B76D759D0B01BC71FF9D7E5B6463301FC54231ABF"
"artifacts\01_training_and_intermediate_full_snapshot\analysis_exports\categorized_behavior_exports\05_weekly_volume_price_behavior.csv","52519","983629ADFD98326620A974B0CF85939E53EE25986D9F492C74B77CD8A5A56C40"
"artifacts\01_training_and_intermediate_full_snapshot\analysis_exports\categorized_behavior_exports\06_weekly_all_behavior_features.csv","96284","35707FA47AD2B91C7B891D5985C4D86F9AFF49A1F478173B8E0DE6D8DA62C5C3"
"artifacts\01_training_and_intermediate_full_snapshot\analysis_exports\categorized_behavior_exports\07_feature_bins_by_behavior.csv","10316","E2942EA34FDCBF1D0E46D4CA7E5B1D8AE5C6FBBABBD4AA561CACC83663003661"
"artifacts\01_training_and_intermediate_full_snapshot\analysis_exports\volume_behavior_event_analysis\01_weekly_volume_behavior_classified.csv","124205","C024864421501B2FB2C7FC59DA5A54B93EE87B235D916EADC1871FCEBE4AFB85"
"artifacts\01_training_and_intermediate_full_snapshot\analysis_exports\volume_behavior_event_analysis\02_obvious_volume_anomalies_ranked.csv","48114","1165423E06928833AF418BC9ABA715B90D313F8E0D79DBBA0EF85FA4D20C559B"
"artifacts\01_training_and_intermediate_full_snapshot\analysis_exports\volume_behavior_event_analysis\03_anomaly_group_forward_return_summary.csv","513","F2A51FFE4275314662DA865EB4A36182FCAB352E2125AC443A8B3FD162F0B246"
"artifacts\01_training_and_intermediate_full_snapshot\analysis_exports\volume_behavior_event_analysis\04_volume_price_state_forward_return_summary.csv","2171","68FC6B5A2D7D2780753423596B71F0ABFDB4A314BA73D97D9E1CA1878E2F2879"
"artifacts\01_training_and_intermediate_full_snapshot\analysis_exports\volume_behavior_event_analysis\05_event_research_candidates_top40.csv","11743","B3D0D418089D7C9E9E3DC7C6922791B43F3038E409719FF89622CB179FB52200"
"artifacts\01_training_and_intermediate_full_snapshot\analysis_exports\volume_behavior_event_analysis\06_event_context_initial_annotation.csv","2472","38445BE534A0AB7FB4AB40994EEE472F54FB35AAA323D0009007C510BF68F77E"
"artifacts\01_training_and_intermediate_full_snapshot\analysis_exports\volume_behavior_event_analysis\07_top40_anomalies_with_event_context.csv","10994","634D50A20D523D658972C0CC2505354D3DA45E536CC4BCB84FA70DC5A8BC46B3"
"artifacts\01_training_and_intermediate_full_snapshot\analysis_exports\volume_behavior_event_analysis\08_mild_vs_extreme_volume_state_summary.csv","2917","13429F4DC378AFCFD773CCADB8E98C83EC89B0B4A337EC9F7F68B9288B89EBD4"
"artifacts\01_training_and_intermediate_full_snapshot\analysis_exports\volume_behavior_event_analysis\09_low_midlow_mild_volume_candidates.csv","3413","A3E32C8A0F1D756CA0782AC4D580F6B98E4348F3CCF2FF3192A4DACD574F6BC1"
"artifacts\01_training_and_intermediate_full_snapshot\analysis_exports\volume_behavior_event_analysis\10_volume_intensity_forward_return_summary.csv","451","3678EEB8DEF8A5738892B187565B6E6BCAAEE5539CF029550424B4777C7F1DD3"
"artifacts\01_training_and_intermediate_full_snapshot\analysis_exports\volume_behavior_event_analysis\11_full_price_zone_volume_intensity_direction_cube.csv","2903","3A438AE2BD384EE527FA99B0C9A049F7A81C6CDD3D44987B2FA33914D2464147"
"artifacts\01_training_and_intermediate_full_snapshot\analysis_exports\volume_behavior_event_analysis\12_price_zone_volume_intensity_matrix.csv","1579","BF01843546967250E655796685460197AFCF7B701E2A4A9085EA7172F21E4437"
"artifacts\01_training_and_intermediate_full_snapshot\analysis_exports\volume_behavior_event_analysis\13_price_zone_by_volume_intensity_counts.csv","147","3386BA18B2960B95879CC21010051F7FEF031EAA48E4636CD45F3BAED96831E0"
"artifacts\01_training_and_intermediate_full_snapshot\analysis_exports\volume_behavior_event_analysis\14_price_zone_volume_intensity_direction_counts.csv","488","3E87A1B75617ACE353B8331526AAC6B7461E3CF62824E4839143B414BFF7749B"
"artifacts\01_training_and_intermediate_full_snapshot\request.json","782","875CE38817536159BD456ACB2989B99A6917498987E7F2965AC32FC3556CA129"
"artifacts\01_training_and_intermediate_full_snapshot\scorecard_artifacts\global_index_nikkei_index_1w_direction_head__candidate_2026_04_26T00_30_00_08_00.json","25091","3773470DCB56E6CF5948BE872062693268CB28FF30D909FAFC7A9E93628F3270"
"artifacts\01_training_and_intermediate_full_snapshot\scorecard_model_registry\global_index_nikkei_index_1w_direction_head__candidate_2026_04_26T00_30_00_08_00.json","38666","C4D29DAD0B1BB2356DE92F90AE026962759E3723F5C71D5883A4C50D3E723080"
"artifacts\01_training_and_intermediate_full_snapshot\scorecard_refit_runs\refit_GLOBAL_INDEX_2026_04_26T00_30_00_08_00.json","1048","A986927A461E3C8A9257C0FE21862E0EEB4BEE5E0ED72E20E209D779FFE1FBA5"
"artifacts\01_training_and_intermediate_full_snapshot\scorecard_training_diagnostics\global_index_nikkei_index_1w_direction_head__candidate_2026_04_26T00_30_00_08_00.json","67591","8B72487B5F5CF3AE0EDC79961104798F2689A87D4D016BB23EECAA0E78D900C2"
"artifacts\01_training_and_intermediate_full_snapshot\training_result.json","68016","2B1EF398703A90B13B252919666C0804B89B85E289F32055584F88565C552D42"
"artifacts\02_live_like_backtest_full_snapshot\01_live_like_operation_ledger.csv","452489","08DCD53D64DF5DD4D85C07B57425DCC02C57A3802047783026A73357B2E69C7D"
"artifacts\02_live_like_backtest_full_snapshot\02_live_like_equity_curve.csv","1147650","3750FD1EFE4604A162578B353048A368448FB034E663016A959D260983836148"
"artifacts\02_live_like_backtest_full_snapshot\03_live_like_summary.csv","2779","8082D7C4D1956CB98A01CB6606D2C0049BECA16AF7443F1CB82187C3B6C646D5"
"artifacts\02_live_like_backtest_full_snapshot\04_signal_execution_schedule_after_consolidation.csv","88932","5D569B369D9742C102B4E42BBFDBA436D8D39FDDEE387E12E15681F00AA37412"
"artifacts\02_live_like_backtest_full_snapshot\05_live_like_rule_audit.csv","206","02FB221124E0486B1ECC8CB77907007211E5F262EA3A48CFE2A44853E1E43BE0"
"artifacts\02_live_like_backtest_full_snapshot\06_dual_low_premium_no_deadband_ledger.csv","81081","DF8DE9A59B7E3986E4083EB821640F7E110438B21D0D8CBF85CCAA9BF53CDADA"
"artifacts\02_live_like_backtest_full_snapshot\07_dual_low_premium_no_deadband_curve.csv","179931","5824D2C9A66A7FAA2686F34C72FC5B1D5A138CAEA47E46BF51FDC66A9F2B1E86"
"artifacts\02_live_like_backtest_full_snapshot\08_no_deadband_decision_summary.csv","1275","5086258FCF1B527BA012A43FB7E243C0D18861B210DF162848C90261078911E4"
"artifacts\02_live_like_backtest_full_snapshot\09_no_deadband_decision_audit.csv","126","C5F5F1742F1D4DC12EBAF73C69AB4824EBBB30F525746B3B4E00DBB7B9407BFF"
"artifacts\02_live_like_backtest_full_snapshot\10_dual_variant_scan_ledger.csv","243862","B188F561EC5BF893E4D519D1E940C9BC46DCAF31C1CD15A171C70640DFA572FD"
"artifacts\02_live_like_backtest_full_snapshot\11_dual_variant_scan_curve.csv","580704","459BFDA52F88D86FD280AE1902F6EDEC07736430934E0A578E47B185B425B2B5"
"artifacts\02_live_like_backtest_full_snapshot\12_dual_variant_scan_summary.csv","1313","FFA96A36BCAB62CC6D50596C756003F7E81C6102E5829E3EC908E5005F51BAC5"
"artifacts\03_daily_hgb_rf_scoring_full_snapshot\01_daily_model_scores_known_labels_asof.csv","28749","F27337C44D4C4D380061A927221CAA81747BE1A0A5FB681597F0064A5A2C1156"
"artifacts\03_daily_hgb_rf_scoring_full_snapshot\01_daily_model_scores_live_pre_year.csv","28742","326C06BB598048FEF4A0D778FD2D6AC574BAF810883B434CAC947D39BE8D43D1"
"artifacts\03_daily_hgb_rf_scoring_full_snapshot\02_model_validation_metrics_known_labels_asof.csv","503","4EBB915E400108B1490419EB584490CC1F94C809137168A5189AEC7DA4D7FC10"
"artifacts\03_daily_hgb_rf_scoring_full_snapshot\02_model_validation_metrics_live_pre_year.csv","507","0C6B6F3535FAD56CD330D3FE396EE5FB78E79E20FFD3F868F4AC59B318BA5C34"
"artifacts\03_daily_hgb_rf_scoring_full_snapshot\03_global_feature_importance_known_labels_asof.csv","4458","2076F75EB90854F63974F317FA7B5565B442B78CA2D2B0519B5A5CB3FB57121F"
"artifacts\03_daily_hgb_rf_scoring_full_snapshot\03_global_feature_importance_live_pre_year.csv","4252","E338239F2271BAC9CE90BDF615C51D60DE72276D1CB6AA900879A7C1489DE76C"
"artifacts\03_daily_hgb_rf_scoring_full_snapshot\04_local_driver_explanations_known_labels_asof.csv","29920","A6E8FC9DD4F58CE11A7EFD306B71CABE6CE269673FBE1A710593AD308686E451"
"artifacts\03_daily_hgb_rf_scoring_full_snapshot\04_local_driver_explanations_live_pre_year.csv","30045","2DC9A04492C665BB42FC29B6CF0B260DDA8BB27C744689E7299D4A6B0B0EA1D7"
"artifacts\03_daily_hgb_rf_scoring_full_snapshot\05_latest_adjustment_artifacts_known_labels_asof.csv","565","BEDF56CCA5F38D2CAC6875299331C04FAE56979A135AB4C249CD5EB8FA757C14"
"artifacts\03_daily_hgb_rf_scoring_full_snapshot\05_latest_adjustment_artifacts_live_pre_year.csv","546","5A0AB6C638559AD28FFB9E220FB71B8DC03A47B1C59BB7A003CCCD0EE272F2A0"
"artifacts\03_daily_hgb_rf_scoring_full_snapshot\daily_hgb_rf_v3_scoring.py","24099","1418B772F2C3B0E34EB88F791C7585ECF2EBE5EE6F6D336689B1027A0DD4AEEB"
"artifacts\03_daily_hgb_rf_scoring_full_snapshot\hgb_l2_leaf20_live_2026-04-24_adjustment.json","443","41234F663492DBE9ED1187844A10DF6C2F79735F6662127EEB8DEF5180415DBC"
"artifacts\03_daily_hgb_rf_scoring_full_snapshot\hgb_l2_leaf20_live_known_labels_asof_2026-04-24_adjustment.json","443","41234F663492DBE9ED1187844A10DF6C2F79735F6662127EEB8DEF5180415DBC"
"artifacts\03_daily_hgb_rf_scoring_full_snapshot\hgb_l2_leaf20_live_live_pre_year_2026-04-24_adjustment.json","438","ACA7D04908F7C14D797A3DE01892669F21AFA7D0F96B3A1F8E52BB48CD6801FE"
"artifacts\03_daily_hgb_rf_scoring_full_snapshot\rf_depth4_leaf20_live_2026-04-24_adjustment.json","445","2550D4D2FFA32D3EA452696F04A75E29765D11289868CDD7A93CCAF1B95AF5E6"
"artifacts\03_daily_hgb_rf_scoring_full_snapshot\rf_depth4_leaf20_live_known_labels_asof_2026-04-24_adjustment.json","445","2550D4D2FFA32D3EA452696F04A75E29765D11289868CDD7A93CCAF1B95AF5E6"
"artifacts\03_daily_hgb_rf_scoring_full_snapshot\rf_depth4_leaf20_live_live_pre_year_2026-04-24_adjustment.json","431","1D4A5EB4E569762A2341503555681983F50143743D7A7DB1ABF872F8E254B531"
